{"stats":{"minecraft:used":{"minecraft:wooden_axe":36,"minecraft:crafting_table":2},"minecraft:custom":{"minecraft:time_since_rest":5377,"minecraft:play_time":5377,"minecraft:sprint_one_cm":3355,"minecraft:walk_one_cm":7884,"minecraft:mob_kills":1,"minecraft:jump":73,"minecraft:damage_dealt":201,"minecraft:leave_game":1,"minecraft:time_since_death":5377,"minecraft:total_world_time":5377,"minecraft:fall_one_cm":1045,"minecraft:interact_with_crafting_table":2,"minecraft:fly_one_cm":4471},"minecraft:mined":{"regions_unexplored:maple_log":35,"regions_unexplored:orange_maple_leaves":2,"minecraft:crafting_table":1},"minecraft:crafted":{"minecraft:crafting_table":1,"minecraft:stick":8,"minecraft:wooden_pickaxe":1,"regions_unexplored:maple_planks":140,"minecraft:wooden_axe":1},"minecraft:killed":{"minecraft:zombie":1},"minecraft:picked_up":{"minecraft:stick":17,"minecraft:crafting_table":1,"regions_unexplored:maple_sapling":2,"regions_unexplored:maple_log":35}},"DataVersion":3465}